id,type,app,module,message,DES.src,DES.dst,TOPO.src,TOPO.dst,module.src,service,time_in,time_out,time_emit,time_reception
1,COMP_M,Workflow1,MLO,RawVideo,0,2,0,1,Camera,10.26530612244898,7.0001999999999995,17.26550612244898,5.0,7.0001999999999995
2,COMP_M,Workflow1,MLO,RawVideo,0,3,0,2,Camera,10.26530612244898,12.0002,22.26550612244898,10.0,12.0002
3,COMP_M,Workflow1,MLO,RawVideo,0,4,0,3,Camera,10.26530612244898,17.0002,27.26550612244898,15.0,17.0002
1,COMP_M,Workflow1,Broker,ObjectDetected,2,7,1,4,MLO,0.5306122448979592,19.26552612244898,19.796138367346938,17.26550612244898,19.26552612244898
1,COMP_M,Workflow1,FLO,IdentifyObject,7,5,4,5,Broker,5.081632653061225,21.796158367346937,26.87779102040816,19.796138367346938,21.796158367346937
4,COMP_M,Workflow1,MLO,RawVideo,0,2,0,1,Camera,10.26530612244898,22.0002,32.26550612244898,20.0,22.0002
5,COMP_M,Workflow1,MLO,RawVideo,0,3,0,2,Camera,10.26530612244898,27.0002,37.26550612244898,25.0,27.0002
1,COMP_M,Workflow1,Broker,ObjectIdentified,5,7,5,4,FLO,0.1836734693877551,28.87779202040816,29.061465489795918,26.87779102040816,28.87779202040816
3,COMP_M,Workflow1,Broker,ObjectDetected,4,7,3,4,MLO,0.5306122448979592,29.26552612244898,29.796138367346938,27.26550612244898,29.26552612244898
1,COMP_M,Workflow1,DLO,EventIdentified,7,1,4,7,Broker,0,31.061485489795917,31.061485489795917,29.061465489795918,31.061485489795917
3,COMP_M,Workflow1,FLO,IdentifyObject,7,6,4,6,Broker,5.081632653061225,31.796158367346937,36.87779102040816,29.796138367346938,31.796158367346937
6,COMP_M,Workflow1,MLO,RawVideo,0,4,0,3,Camera,10.26530612244898,32.0002,42.26550612244898,30.0,32.0002
7,COMP_M,Workflow1,MLO,RawVideo,0,2,0,1,Camera,10.26530612244898,37.0002,47.26550612244898,35.0,37.0002
3,COMP_M,Workflow1,Broker,ObjectIdentified,6,7,6,4,FLO,0.1836734693877551,38.87779202040816,39.061465489795914,36.87779102040816,38.87779202040816
5,COMP_M,Workflow1,Broker,ObjectDetected,3,7,2,4,MLO,0.5306122448979592,39.26552612244898,39.79613836734694,37.26550612244898,39.26552612244898
3,COMP_M,Workflow1,DLO,EventIdentified,7,1,4,7,Broker,0,41.06148548979591,41.06148548979591,39.061465489795914,41.06148548979591
5,COMP_M,Workflow1,FLO,IdentifyObject,7,5,4,5,Broker,5.081632653061225,41.79615836734694,46.87779102040817,39.79613836734694,41.79615836734694
8,COMP_M,Workflow1,MLO,RawVideo,0,3,0,2,Camera,10.26530612244898,42.0002,52.26550612244898,40.0,42.0002
9,COMP_M,Workflow1,MLO,RawVideo,0,4,0,3,Camera,10.26530612244898,47.0002,57.26550612244898,45.0,47.0002
5,COMP_M,Workflow1,Broker,ObjectIdentified,5,7,5,4,FLO,0.1836734693877551,48.877792020408165,49.06146548979592,46.87779102040817,48.877792020408165
7,COMP_M,Workflow1,Broker,ObjectDetected,2,7,1,4,MLO,0.5306122448979592,49.26552612244898,49.79613836734694,47.26550612244898,49.26552612244898
5,COMP_M,Workflow1,DLO,EventIdentified,7,1,4,7,Broker,0,51.06148548979592,51.06148548979592,49.06146548979592,51.06148548979592
7,COMP_M,Workflow1,FLO,IdentifyObject,7,6,4,6,Broker,5.081632653061225,51.79615836734694,56.87779102040817,49.79613836734694,51.79615836734694
10,COMP_M,Workflow1,MLO,RawVideo,0,2,0,1,Camera,10.26530612244898,52.0002,62.26550612244898,50.0,52.0002
11,COMP_M,Workflow1,MLO,RawVideo,0,3,0,2,Camera,10.26530612244898,57.0002,67.26550612244898,55.0,57.0002
7,COMP_M,Workflow1,Broker,ObjectIdentified,6,7,6,4,FLO,0.1836734693877551,58.877792020408165,59.06146548979592,56.87779102040817,58.877792020408165
9,COMP_M,Workflow1,Broker,ObjectDetected,4,7,3,4,MLO,0.5306122448979592,59.26552612244898,59.79613836734694,57.26550612244898,59.26552612244898
7,COMP_M,Workflow1,DLO,EventIdentified,7,1,4,7,Broker,0,61.06148548979592,61.06148548979592,59.06146548979592,61.06148548979592
9,COMP_M,Workflow1,FLO,IdentifyObject,7,5,4,5,Broker,5.081632653061225,61.79615836734694,66.87779102040817,59.79613836734694,61.79615836734694
12,COMP_M,Workflow1,MLO,RawVideo,0,4,0,3,Camera,10.26530612244898,62.0002,72.26550612244898,60.0,62.0002
13,COMP_M,Workflow1,MLO,RawVideo,0,2,0,1,Camera,10.26530612244898,67.0002,77.26550612244898,65.0,67.0002
9,COMP_M,Workflow1,Broker,ObjectIdentified,5,7,5,4,FLO,0.1836734693877551,68.87779202040817,69.06146548979592,66.87779102040817,68.87779202040817
11,COMP_M,Workflow1,Broker,ObjectDetected,3,7,2,4,MLO,0.5306122448979592,69.26552612244899,69.79613836734694,67.26550612244898,69.26552612244899
9,COMP_M,Workflow1,DLO,EventIdentified,7,1,4,7,Broker,0,71.06148548979593,71.06148548979593,69.06146548979592,71.06148548979593
11,COMP_M,Workflow1,FLO,IdentifyObject,7,6,4,6,Broker,5.081632653061225,71.79615836734695,76.87779102040817,69.79613836734694,71.79615836734695
14,COMP_M,Workflow1,MLO,RawVideo,0,3,0,2,Camera,10.26530612244898,72.0002,82.26550612244898,70.0,72.0002
12,COMP_M,Workflow1,Broker,ObjectDetected,4,7,3,4,MLO,0.5306122448979592,74.26552612244899,74.79613836734694,72.26550612244898,74.26552612244899
12,COMP_M,Workflow1,FLO,IdentifyObject,7,5,4,5,Broker,5.081632653061225,76.79615836734695,81.87779102040817,74.79613836734694,76.79615836734695
15,COMP_M,Workflow1,MLO,RawVideo,0,4,0,3,Camera,10.26530612244898,77.0002,87.26550612244898,75.0,77.0002
11,COMP_M,Workflow1,Broker,ObjectIdentified,6,7,6,4,FLO,0.1836734693877551,78.87779202040817,79.06146548979592,76.87779102040817,78.87779202040817
13,COMP_M,Workflow1,Broker,ObjectDetected,2,7,1,4,MLO,0.5306122448979592,79.26552612244899,79.79613836734694,77.26550612244898,79.26552612244899
11,COMP_M,Workflow1,DLO,EventIdentified,7,1,4,7,Broker,0,81.06148548979593,81.06148548979593,79.06146548979592,81.06148548979593
13,COMP_M,Workflow1,FLO,IdentifyObject,7,6,4,6,Broker,5.081632653061225,81.79615836734695,86.87779102040817,79.79613836734694,81.79615836734695
16,COMP_M,Workflow1,MLO,RawVideo,0,2,0,1,Camera,10.26530612244898,82.0002,92.26550612244898,80.0,82.0002
12,COMP_M,Workflow1,Broker,ObjectIdentified,5,7,5,4,FLO,0.1836734693877551,83.87779202040817,84.06146548979592,81.87779102040817,83.87779202040817
14,COMP_M,Workflow1,Broker,ObjectDetected,3,7,2,4,MLO,0.5306122448979592,84.26552612244899,84.79613836734694,82.26550612244898,84.26552612244899
12,COMP_M,Workflow1,DLO,EventIdentified,7,1,4,7,Broker,0,86.06148548979593,86.06148548979593,84.06146548979592,86.06148548979593
14,COMP_M,Workflow1,FLO,IdentifyObject,7,5,4,5,Broker,5.081632653061225,86.79615836734695,91.87779102040817,84.79613836734694,86.79615836734695
17,COMP_M,Workflow1,MLO,RawVideo,0,3,0,2,Camera,10.26530612244898,87.0002,97.26550612244898,85.0,87.0002
13,COMP_M,Workflow1,Broker,ObjectIdentified,6,7,6,4,FLO,0.1836734693877551,88.87779202040817,89.06146548979592,86.87779102040817,88.87779202040817
13,COMP_M,Workflow1,DLO,EventIdentified,7,1,4,7,Broker,0,91.06148548979593,91.06148548979593,89.06146548979592,91.06148548979593
18,COMP_M,Workflow1,MLO,RawVideo,0,4,0,3,Camera,10.26530612244898,92.0002,102.26550612244898,90.0,92.0002
14,COMP_M,Workflow1,Broker,ObjectIdentified,5,7,5,4,FLO,0.1836734693877551,93.87779202040817,94.06146548979592,91.87779102040817,93.87779202040817
14,COMP_M,Workflow1,DLO,EventIdentified,7,1,4,7,Broker,0,96.06148548979593,96.06148548979593,94.06146548979592,96.06148548979593
19,COMP_M,Workflow1,MLO,RawVideo,0,2,0,1,Camera,10.26530612244898,97.0002,107.26550612244898,95.0,97.0002
17,COMP_M,Workflow1,Broker,ObjectDetected,3,7,2,4,MLO,0.5306122448979592,99.26552612244899,99.79613836734694,97.26550612244898,99.26552612244899
